ticker,n,r,p,significant
APOLLOHOSP.NS,31,-0.16661306214189914,0.37034615996816644,False
ASIANPAINT.NS,113,0.1736639377281128,0.06583413470587474,False
AXISBANK.NS,270,0.22632306298267227,0.00017655804282644096,True
BAJAJ-AUTO.NS,122,0.2714309527805985,0.0024931082366022113,True
BAJAJFINSV.NS,66,0.4126556665306847,0.0005749031968889479,True
BAJFINANCE.NS,152,0.4461465467731484,8.383047762096447e-09,True
BEL.NS,35,0.04012417999171591,0.81898633073558,False
BHARTIARTL.NS,198,0.15528924569326003,0.028922030139809318,True
BHEL.NS,46,0.17271579704239093,0.25103920865798096,False
CIPLA.NS,82,-0.008230707966355518,0.9414963764820123,False
COALINDIA.NS,94,0.1632522440004196,0.11590911774013064,False
DMART.NS,36,0.23044953474029065,0.17631727884003642,False
DRREDDY.NS,102,0.026553230272127776,0.7910741283071021,False
EICHERMOT.NS,80,0.22846947359040926,0.041512280038415804,True
HAL.NS,16,-0.1979510793847999,0.46240328355160837,False
HDFCBANK.NS,393,0.29148893558183764,3.8973297137256115e-09,True
HDFCLIFE.NS,53,0.07226631845843155,0.6070878485682486,False
HEROMOTOCO.NS,131,0.2161861980227705,0.013136368140556342,True
HINDALCO.NS,79,0.47229606023169163,1.1104048781684947e-05,True
HINDUNILVR.NS,161,0.03453181432439814,0.6636529658500645,False
ICICIBANK.NS,347,0.33025387640825443,2.83400536893036e-10,True
INFY.NS,250,0.15604584664292223,0.013508033915934742,True
IRCTC.NS,23,0.18206978615408154,0.40571092145429716,False
ITC.NS,180,0.05692646733740756,0.44782643515952053,False
JINDALSTEL.NS,52,0.3031464592018078,0.02892036566829475,True
JSWSTEEL.NS,70,0.34817126018567984,0.003141206778594841,True
KOTAKBANK.NS,323,0.2406020002548114,1.232419673491102e-05,True
LT.NS,204,0.16959729311170246,0.015306575400002544,True
M&M.NS,196,0.2914113660839242,3.4135444719817454e-05,True
MARUTI.NS,211,0.32999455269163264,9.437732397196571e-07,True
NESTLEIND.NS,96,-0.09335384505803658,0.3656386435127894,False
NTPC.NS,111,0.18182927874496266,0.056138575949272095,False
ONGC.NS,160,0.21820465602085698,0.00557238558603309,True
PFC.NS,35,0.33614180756394396,0.04834863690957356,True
POWERGRID.NS,119,0.13006211660532108,0.15858980592508187,False
RECLTD.NS,38,0.23802145456475224,0.15014360715260644,False
RELIANCE.NS,400,0.2325885432863459,2.5781533253312082e-06,True
SBILIFE.NS,40,0.32748865552986145,0.03913056291066029,True
SBIN.NS,392,0.22244958924619856,8.746704376904838e-06,True
SUNPHARMA.NS,139,0.19670807021146963,0.02029032273923458,True
TATASTEEL.NS,166,0.39979959974311124,9.481913114485582e-08,True
TCS.NS,210,0.1600711372234467,0.020298145584660886,True
TITAN.NS,119,0.19315243218193595,0.035320402601983915,True
TRENT.NS,15,0.19514393339212832,0.485822817262528,False
ULTRACEMCO.NS,89,0.28205484867374353,0.007408816557101441,True
WIPRO.NS,128,0.10788085609703094,0.22547395000663337,False
