Date,Close,nifty_return,nifty_next_day_return
2017-01-02,8179.5,,0.0015587749862460143
2017-01-03,8192.25,0.0015587749862460143,-0.00021361652781592966
2017-01-04,8190.5,-0.00021361652781592966,0.01017029542610337
2017-01-05,8273.7998046875,0.01017029542610337,-0.0036259035398709116
2017-01-06,8243.7998046875,-0.0036259035398709116,-0.0009401004613908137
2017-01-09,8236.0498046875,-0.0009401004613908137,0.0063804622280927425
2017-01-10,8288.599609375,0.0063804622280927425,0.01110570972035907
2017-01-11,8380.650390625,0.01110570972035907,0.003167988574872327
2017-01-12,8407.2001953125,0.003167988574872327,-0.0008148474852923693
2017-01-13,8400.349609375,-0.0008148474852923693,0.0014821044232022906
2017-01-16,8412.7998046875,0.0014821044232022906,-0.0017592008642893786
2017-01-17,8398.0,-0.0017592008642893786,0.002262443438914019
2017-01-18,8417.0,0.002262443438914019,0.0021503634757038537
2017-01-19,8435.099609375,0.0021503634757038537,-0.010165855054597661
2017-01-20,8349.349609375,-0.010165855054597661,0.005048344194100052
2017-01-23,8391.5,0.005048344194100052,0.010045856484240057
2017-01-24,8475.7998046875,0.010045856484240057,0.014977960574563243
2017-01-25,8602.75,0.014977960574563243,0.00447531312661642
2017-01-27,8641.25,0.00447531312661642,-0.0009836539852451365
2017-01-30,8632.75,-0.0009836539852451365,-0.008276643631809133
2017-01-31,8561.2998046875,-0.008276643631809133,0.01811647640847469
2017-02-01,8716.400390625,0.01811647640847469,0.002047818890261066
2017-02-02,8734.25,0.002047818890261066,0.0007671174184962215
2017-02-03,8740.9501953125,0.0007671174184962215,0.006875638006406781
2017-02-06,8801.0498046875,0.006875638006406781,-0.0037211469911869743
2017-02-07,8768.2998046875,-0.0037211469911869743,8.55353964515082e-05
2017-02-08,8769.0498046875,8.55353964515082e-05,0.0010663168924529565
2017-02-09,8778.400390625,0.0010663168924529565,0.0017257602055471555
2017-02-10,8793.5498046875,0.0017257602055471555,0.001307776751758416
2017-02-13,8805.0498046875,0.001307776751758416,-0.0014480326951941125
2017-02-14,8792.2998046875,-0.0014480326951941125,-0.007688501401983627
2017-02-15,8724.7001953125,-0.007688501401983627,0.006109070053333943
2017-02-16,8778.0,0.006109070053333943,0.004978377228582742
2017-02-17,8821.7001953125,0.004978377228582742,0.0065180179247708026
2017-02-20,8879.2001953125,0.0065180179247708026,0.003226575978951818
2017-02-21,8907.849609375,0.003226575978951818,0.0021386509747480797
2017-02-22,8926.900390625,0.0021386509747480797,0.0014114204061503877
2017-02-23,8939.5,0.0014114204061503877,-0.004787717958219084
2017-02-27,8896.7001953125,-0.004787717958219084,-0.0019221268068030373
2017-02-28,8879.599609375,-0.0019221268068030373,0.007455313102474381
2017-03-01,8945.7998046875,0.007455313102474381,-0.0051476453411544165
2017-03-02,8899.75,-0.0051476453411544165,-0.0002472199008398679
2017-03-03,8897.5498046875,-0.0002472199008398679,0.00740657732427441
2017-03-06,8963.4501953125,0.00740657732427441,-0.0018463654426456033
2017-03-07,8946.900390625,-0.0018463654426456033,-0.0025260799775062015
2017-03-08,8924.2998046875,-0.0025260799775062015,0.0003025666294942386
2017-03-09,8927.0,0.0003025666294942386,0.0008457269729471584
2017-03-10,8934.5498046875,0.0008457269729471584,0.017062996865551794
2017-03-14,9087.0,0.017062996865551794,-0.0002421255983823256
2017-03-15,9084.7998046875,-0.0002421255983823256,0.0075841396735512046
2017-03-16,9153.7001953125,0.0075841396735512046,0.0006936658662091144
2017-03-17,9160.0498046875,0.0006936658662091144,-0.0036244557639315556
2017-03-20,9126.849609375,-0.0036244557639315556,-0.0005861397529225432
2017-03-21,9121.5,-0.0005861397529225432,-0.009981889457600146
2017-03-22,9030.4501953125,-0.009981889457600146,0.006184587497530369
2017-03-23,9086.2998046875,0.006184587497530369,0.002388232369495924
2017-03-24,9108.0,0.002388232369495924,-0.006895015885759803
2017-03-27,9045.2001953125,-0.006895015885759803,0.006146863328001739
2017-03-28,9100.7998046875,0.006146863328001739,0.004724859454424246
2017-03-29,9143.7998046875,0.004724859454424246,0.003275464899958447
2017-03-30,9173.75,0.003275464899958447,0.0
2017-03-31,9173.75,0.0,0.006987285393105225
2017-04-03,9237.849609375,0.006987285393105225,0.002955317785461098
2017-04-05,9265.150390625,0.002955317785461098,-0.00034540133484917135
2017-04-06,9261.9501953125,-0.00034540133484917135,-0.006872244968150865
2017-04-07,9198.2998046875,-0.006872244968150865,-0.0018318178068531532
2017-04-10,9181.4501953125,-0.0018318178068531532,0.006050221207523521
2017-04-11,9237.0,0.006050221207523521,-0.003632110499891761
2017-04-12,9203.4501953125,-0.003632110499891761,-0.005720723153564311
2017-04-13,9150.7998046875,-0.005720723153564311,-0.0012567207506942735
2017-04-17,9139.2998046875,-0.0012567207506942735,-0.003736545992832463
2017-04-18,9105.150390625,-0.003736545992832463,-0.00018125901870869043
2017-04-19,9103.5,-0.00018125901870869043,0.003614037526775471
2017-04-20,9136.400390625,0.003614037526775471,-0.0018606890321317682
2017-04-21,9119.400390625,-0.0018606890321317682,0.010806610135114969
2017-04-24,9217.9501953125,0.010806610135114969,0.00961704198701141
2017-04-25,9306.599609375,0.00961704198701141,0.004862141050359314
2017-04-26,9351.849609375,0.004862141050359314,-0.001037144431864756
2017-04-27,9342.150390625,-0.001037144431864756,-0.004078352878555069
2017-04-28,9304.0498046875,-0.004078352878555069,0.0010479307618374012
2017-05-02,9313.7998046875,0.0010479307618374012,-0.00019858805361794296
2017-05-03,9311.9501953125,-0.00019858805361794296,0.005149318274558334
2017-05-04,9359.900390625,0.005149318274558334,-0.007970232889681239
2017-05-05,9285.2998046875,-0.007970232889681239,0.0030962920535411165
2017-05-08,9314.0498046875,0.0030962920535411165,0.0003006001413146109
2017-05-09,9316.849609375,0.0003006001413146109,0.009708238203339103
2017-05-10,9407.2998046875,0.009708238203339103,0.0016051987553300506
2017-05-11,9422.400390625,0.0016051987553300506,-0.002281796475279485
2017-05-12,9400.900390625,-0.002281796475279485,0.004733589140501593
2017-05-15,9445.400390625,0.004733589140501593,0.007077477566896029
2017-05-16,9512.25,0.007077477566896029,0.0014192225814082526
2017-05-17,9525.75,0.0014192225814082526,-0.010109419697924005
2017-05-18,9429.4501953125,-0.010109419697924005,-0.00016435790585866972
2017-05-19,9427.900390625,-0.00016435790585866972,0.001097763971423804
2017-05-22,9438.25,0.001097763971423804,-0.00552004973114717
2017-05-23,9386.150390625,-0.00552004973114717,-0.0027274851639997877
2017-05-24,9360.5498046875,-0.0027274851639997877,0.015939255537936958
2017-05-25,9509.75,0.015939255537936958,0.008974958266515953
2017-05-26,9595.099609375,0.008974958266515953,0.00102143611312
2017-05-29,9604.900390625,0.00102143611312,0.0020457696866569286
2017-05-30,9624.5498046875,0.0020457696866569286,-0.0003428528870922376
2017-05-31,9621.25,-0.0003428528870922376,-0.0005353140834091219
2017-06-01,9616.099609375,-0.0005353140834091219,0.00388935141525959
2017-06-02,9653.5,0.00388935141525959,0.002237489964779682
2017-06-05,9675.099609375,0.002237489964779682,-0.003922359487981697
2017-06-06,9637.150390625,-0.003922359487981697,0.002775716774745085
2017-06-07,9663.900390625,0.002775716774745085,-0.0017229472523487832
2017-06-08,9647.25,-0.0017229472523487832,0.0021767861307626646
2017-06-09,9668.25,0.0021767861307626646,-0.005362874292141773
2017-06-12,9616.400390625,-0.005362874292141773,-0.0009878956380873216
2017-06-13,9606.900390625,-0.0009878956380873216,0.0011710332721861505
2017-06-14,9618.150390625,0.0011710332721861505,-0.0041692616884621
2017-06-15,9578.0498046875,-0.0041692616884621,0.001044053873587636
2017-06-16,9588.0498046875,0.001044053873587636,0.007248606485755094
2017-06-19,9657.5498046875,0.007248606485755094,-0.0004193408027297618
2017-06-20,9653.5,-0.0004193408027297618,-0.0020614689620345183
2017-06-21,9633.599609375,-0.0020614689620345183,-0.00037365154469337636
2017-06-22,9630.0,-0.00037365154469337636,-0.005716490621754944
2017-06-23,9574.9501953125,-0.005716490621754944,-0.006637089842891464
2017-06-27,9511.400390625,-0.006637089842891464,-0.0021185514012070916
2017-06-28,9491.25,-0.0021185514012070916,0.0013538374160411148
2017-06-29,9504.099609375,0.0013538374160411148,0.0017677404426008625
2017-06-30,9520.900390625,0.0017677404426008625,0.009883477981521338
2017-07-03,9615.0,0.009883477981521338,-0.00017682738559543498
2017-07-04,9613.2998046875,-0.00017682738559543498,0.0025277277502206985
2017-07-05,9637.599609375,0.0025277277502206985,0.003833962481337938
2017-07-06,9674.5498046875,0.003833962481337938,-0.0009044348498532528
2017-07-07,9665.7998046875,-0.0009044348498532528,0.010888907501369838
2017-07-10,9771.0498046875,0.010888907501369838,0.001535147225716127
2017-07-11,9786.0498046875,0.001535147225716127,0.0030706776776372458
2017-07-12,9816.099609375,0.0030706776776372458,0.007701693029408263
2017-07-13,9891.7001953125,0.007701693029408263,-0.0005409167111671831
2017-07-14,9886.349609375,-0.0005409167111671831,0.0029940865038224906
2017-07-17,9915.9501953125,0.0029940865038224906,-0.008955249163058343
2017-07-18,9827.150390625,-0.008955249163058343,0.007372352703497453
2017-07-19,9899.599609375,0.007372352703497453,-0.002656653372384299
2017-07-20,9873.2998046875,-0.002656653372384299,0.004248852576378193
2017-07-21,9915.25,0.004248852576378193,0.005158759549683589
2017-07-24,9966.400390625,0.005158759549683589,-0.00018568247962835738
2017-07-25,9964.5498046875,-0.00018568247962835738,0.0056300171143817135
2017-07-26,10020.650390625,0.0056300171143817135,-1.0037865166290239e-05
2017-07-27,10020.5498046875,-1.0037865166290239e-05,-0.0006037397952625145
2017-07-28,10014.5,-0.0006037397952625145,0.006250897136651945
2017-07-31,10077.099609375,0.006250897136651945,0.0037263481265050746
2017-08-01,10114.650390625,0.0037263481265050746,-0.0032774628232060676
2017-08-02,10081.5,-0.0032774628232060676,-0.006730110536626532
2017-08-03,10013.650390625,-0.006730110536626532,0.0052678092346210015
2017-08-04,10066.400390625,0.0052678092346210015,-0.000894063384204502
2017-08-07,10057.400390625,-0.000894063384204502,-0.007840056363968673
2017-08-08,9978.5498046875,-0.007840056363968673,-0.007065154895241621
2017-08-09,9908.0498046875,-0.007065154895241621,-0.008861461782919355
2017-08-10,9820.25,-0.008861461782919355,-0.011145357329243155
2017-08-11,9710.7998046875,-0.011145357329243155,0.008583287433983067
2017-08-14,9794.150390625,0.008583287433983067,0.010531736796816515
2017-08-16,9897.2998046875,0.010531736796816515,0.0006921671640436333
2017-08-17,9904.150390625,0.0006921671640436333,-0.006739598791147605
2017-08-18,9837.400390625,-0.006739598791147605,-0.008442350412935062
2017-08-21,9754.349609375,-0.008442350412935062,0.0011482257414410224
2017-08-22,9765.5498046875,0.0011482257414410224,0.008903768559017866
2017-08-23,9852.5,0.008903768559017866,0.00046179189926420783
2017-08-24,9857.0498046875,0.00046179189926420783,0.005655850493267112
2017-08-28,9912.7998046875,0.005655850493267112,-0.011777701789638884
2017-08-29,9796.0498046875,-0.011777701789638884,0.009019001301445284
2017-08-30,9884.400390625,0.009019001301445284,0.0033891787742403867
2017-08-31,9917.900390625,0.0033891787742403867,0.00569677026131532
2017-09-01,9974.400390625,0.00569677026131532,-0.006170875324781666
2017-09-04,9912.849609375,-0.006170875324781666,0.003969654285916446
2017-09-05,9952.2001953125,0.003969654285916446,-0.0036172905783141696
2017-09-06,9916.2001953125,-0.0036172905783141696,0.0013815972895521167
2017-09-07,9929.900390625,0.0013815972895521167,0.0004934001218306339
2017-09-08,9934.7998046875,0.0004934001218306339,0.007171760015373785
2017-09-11,10006.0498046875,0.007171760015373785,0.008694739852208588
2017-09-12,10093.0498046875,0.008694739852208588,-0.0013623236054590704
2017-09-13,10079.2998046875,-0.0013623236054590704,0.0007242372812548137
2017-09-14,10086.599609375,0.0007242372812548137,-0.00011889227256378643
2017-09-15,10085.400390625,-0.00011889227256378643,0.006712596042585561
2017-09-18,10153.099609375,0.006712596042585561,-0.0005466118624873895
2017-09-19,10147.5498046875,-0.0005466118624873895,-0.0006306363787978997
2017-09-20,10141.150390625,-0.0006306363787978997,-0.0018982067377479872
2017-09-21,10121.900390625,-0.0018982067377479872,-0.01556031910231781
2017-09-22,9964.400390625,-0.01556031910231781,-0.009212875602266135
2017-09-25,9872.599609375,-0.009212875602266135,-0.00011137992205778602
2017-09-26,9871.5,-0.00011137992205778602,-0.013751709466646389
2017-09-27,9735.75,-0.013751709466646389,0.003410132276660871
2017-09-28,9768.9501953125,0.003410132276660871,0.002011415113154058
2017-09-29,9788.599609375,0.002011415113154058,0.007243159742390093
2017-10-03,9859.5,0.007243159742390093,0.005618985813175215
2017-10-04,9914.900390625,0.005618985813175215,-0.0026425071639926134
2017-10-05,9888.7001953125,-0.0026425071639926134,0.009202422785872022
2017-10-06,9979.7001953125,0.009202422785872022,0.0009068212982741297
2017-10-09,9988.75,0.0009068212982741297,0.0028231956263296
2017-10-10,10016.9501953125,0.0028231956263296,-0.0032095987299651796
2017-10-11,9984.7998046875,-0.0032095987299651796,0.011177047924897598
2017-10-12,10096.400390625,0.011177047924897598,0.007037142143597297
2017-10-13,10167.4501953125,0.007037142143597297,0.006235527378509298
2017-10-16,10230.849609375,0.006235527378509298,0.00035193420634405115
2017-10-17,10234.4501953125,0.00035193420634405115,-0.0023059945074831445
2017-10-18,10210.849609375,-0.0023059945074831445,-0.006297204164917303
2017-10-19,10146.5498046875,-0.006297204164917303,0.00377466285828576
2017-10-23,10184.849609375,0.00377466285828576,0.0022435859942857572
2017-10-24,10207.7001953125,0.0022435859942857572,0.008586597606260904
2017-10-25,10295.349609375,0.008586597606260904,0.004706027201677676
2017-10-26,10343.7998046875,0.004706027201677676,-0.002006032637116295
2017-10-27,10323.0498046875,-0.002006032637116295,0.00393300300838062
2017-10-30,10363.650390625,0.00393300300838062,-0.002735579151063039
2017-10-31,10335.2998046875,-0.002735579151063039,0.010178727013297362
2017-11-01,10440.5,0.010178727013297362,-0.0015995589591015769
2017-11-02,10423.7998046875,-0.0015995589591015769,0.0027533333189682097
2017-11-03,10452.5,0.0027533333189682097,-6.698831021290097e-05
2017-11-06,10451.7998046875,-6.698831021290097e-05,-0.009725541625559164
2017-11-07,10350.150390625,-0.009725541625559164,-0.004540996818999998
2017-11-08,10303.150390625,-0.004540996818999998,0.0005629156585715833
2017-11-09,10308.9501953125,0.0005629156585715833,0.0012416205767800115
2017-11-10,10321.75,0.0012416205767800115,-0.009378235734008311
2017-11-13,10224.9501953125,-0.009378235734008311,-0.0037506868204679744
2017-11-14,10186.599609375,-0.0037506868204679744,-0.00672940994209803
2017-11-15,10118.0498046875,-0.00672940994209803,0.009557197007243445
2017-11-16,10214.75,0.009557197007243445,0.006740214824151325
2017-11-17,10283.599609375,0.006740214824151325,0.0014732575363192169
2017-11-20,10298.75,0.0014732575363192169,0.0027333793542905216
2017-11-21,10326.900390625,0.0027333793542905216,0.00149119420929833
2017-11-22,10342.2998046875,0.00149119420929833,0.0006236712756650942
2017-11-23,10348.75,0.0006236712756650942,0.003957018510689636
2017-11-24,10389.7001953125,0.003957018510689636,0.000948016707878141
2017-11-27,10399.5498046875,0.000948016707878141,-0.0028174108723719726
2017-11-28,10370.25,-0.0028174108723719726,-0.0008630645657047298
2017-11-29,10361.2998046875,-0.0008630645657047298,-0.013005125084696312
2017-11-30,10226.5498046875,-0.013005125084696312,-0.010242946252702612
2017-12-01,10121.7998046875,-0.010242946252702612,0.0005878594150563465
2017-12-04,10127.75,0.0005878594150563465,-0.0009380168349337747
2017-12-05,10118.25,-0.0009380168349337747,-0.007328380957675518
2017-12-06,10044.099609375,-0.007328380957675518,0.012206229598028528
2017-12-07,10166.7001953125,0.012206229598028528,0.009732773998600175
2017-12-08,10265.650390625,0.009732773998600175,0.0055134947345070184
2017-12-11,10322.25,0.0055134947345070184,-0.007953654423696332
2017-12-12,10240.150390625,-0.007953654423696332,-0.004609326378225087
2017-12-13,10192.9501953125,-0.004609326378225087,0.005802972930222028
2017-12-14,10252.099609375,0.005802972930222028,0.007915489872025061
2017-12-15,10333.25,0.007915489872025061,0.005371011056540809
2017-12-18,10388.75,0.005371011056540809,0.007166424768379365
2017-12-19,10463.2001953125,0.007166424768379365,-0.001815888030940238
2017-12-20,10444.2001953125,-0.001815888030940238,-0.00037345038892977467
2017-12-21,10440.2998046875,-0.00037345038892977467,0.0050477664720738336
2017-12-22,10493.0,0.0050477664720738336,0.003669112741827796
2017-12-26,10531.5,0.003669112741827796,-0.003869344347908643
2017-12-27,10490.75,-0.003869344347908643,-0.0012248513571480046
2017-12-28,10477.900390625,-0.0012248513571480046,0.005039158869532878
2017-12-29,10530.7001953125,0.005039158869532878,-0.008403999578242116
2018-01-02,10442.2001953125,-0.008403999578242116,9.576525840304662e-05
2018-01-03,10443.2001953125,9.576525840304662e-05,0.0058985376343401175
2018-01-04,10504.7998046875,0.0058985376343401175,0.005145248428569005
2018-01-05,10558.849609375,0.005145248428569005,0.006132296831134809
2018-01-08,10623.599609375,0.006132296831134809,0.0012613794869653638
2018-01-09,10637.0,0.0012613794869653638,-0.0004512366915013777
2018-01-10,10632.2001953125,-0.0004512366915013777,0.0017870242895141608
2018-01-11,10651.2001953125,0.0017870242895141608,0.00282125996474325
2018-01-12,10681.25,0.00282125996474325,0.005645388385020489
2018-01-15,10741.5498046875,0.005645388385020489,-0.003826227138756466
2018-01-16,10700.4501953125,-0.003826227138756466,0.008233261943837888
2018-01-17,10788.5498046875,0.008233261943837888,0.002637073177355065
2018-01-18,10817.0,0.002637073177355065,0.007183155709762357
2018-01-19,10894.7001953125,0.007183155709762357,0.006562824007838586
2018-01-22,10966.2001953125,0.006562824007838586,0.010714741469905364
2018-01-23,11083.7001953125,0.010714741469905364,0.00020749430668232094
2018-01-24,11086.0,0.00020749430668232094,-0.001474797886974577
2018-01-25,11069.650390625,-0.001474797886974577,0.005487978197707966
2018-01-29,11130.400390625,0.005487978197707966,-0.0072549052294663685
2018-01-30,11049.650390625,-0.0072549052294663685,-0.001986505865481769
2018-01-31,11027.7001953125,-0.001986505865481769,-0.000979334267002474
2018-02-01,11016.900390625,-0.000979334267002474,-0.023264327729431322
2018-02-02,10760.599609375,-0.023264327729431322,-0.00874020111347329
2018-02-05,10666.5498046875,-0.00874020111347329,-0.015778279553294694
2018-02-06,10498.25,-0.015778279553294694,-0.0020527044686019513
2018-02-07,10476.7001953125,-0.0020527044686019513,0.009559251691416026
2018-02-08,10576.849609375,0.009559251691416026,-0.011525115565078292
2018-02-09,10454.9501953125,-0.011525115565078292,0.008110971654893273
2018-02-12,10539.75,0.008110971654893273,-0.0036860086221209842
2018-02-14,10500.900390625,-0.0036860086221209842,0.004247217640005241
2018-02-15,10545.5,0.004247217640005241,-0.00883791146104973
2018-02-16,10452.2998046875,-0.00883791146104973,-0.0070701582851038225
2018-02-19,10378.400390625,-0.0070701582851038225,-0.001734371321447492
2018-02-20,10360.400390625,-0.001734371321447492,0.003576097765586983
2018-02-21,10397.4501953125,0.003576097765586983,-0.0014186170381128571
2018-02-22,10382.7001953125,-0.0014186170381128571,0.010435590678416817
2018-02-23,10491.0498046875,0.010435590678416817,0.008726467454819975
2018-02-26,10582.599609375,0.008726467454819975,-0.0026741826897078713
2018-02-27,10554.2998046875,-0.0026741826897078713,-0.005822290104475547
2018-02-28,10492.849609375,-0.005822290104475547,-0.0032879533476946055
2018-03-01,10458.349609375,-0.0032879533476946055,-0.009513929416818057
2018-03-05,10358.849609375,-0.009513929416818057,-0.010580287725753812
2018-03-06,10249.25,-0.010580287725753812,-0.00927383024977435
2018-03-07,10154.2001953125,-0.00927383024977435,0.008710700361544088
2018-03-08,10242.650390625,0.008710700361544088,-0.001542645765246653
2018-03-09,10226.849609375,-0.001542645765246653,0.019023530088059015
2018-03-12,10421.400390625,0.019023530088059015,0.0005228873803659884
2018-03-13,10426.849609375,0.0005228873803659884,-0.001529629691374823
2018-03-14,10410.900390625,-0.001529629691374823,-0.004874698450260895
2018-03-15,10360.150390625,-0.004874698450260895,-0.01592640973139836
2018-03-16,10195.150390625,-0.01592640973139836,-0.009896900659531527
2018-03-19,10094.25,-0.009896900659531527,0.002981856935879268
2018-03-20,10124.349609375,0.002981856935879268,0.003052086486265315
2018-03-21,10155.25,0.003052086486265315,-0.003988084980675044
2018-03-22,10114.75,-0.003988084980675044,-0.011537625281148767
2018-03-23,9998.0498046875,-0.011537625281148767,0.013262645068574441
2018-03-26,10130.650390625,0.013262645068574441,0.005281003483202706
2018-03-27,10184.150390625,0.005281003483202706,-0.006917631084606968
2018-03-28,10113.7001953125,-0.006917631084606968,0.009699675438319622
2018-04-02,10211.7998046875,0.009699675438319622,0.0032511600254110373
2018-04-03,10245.0,0.0032511600254110373,-0.011381123413860439
2018-04-04,10128.400390625,-0.011381123413860439,0.019425574859986305
2018-04-05,10325.150390625,0.019425574859986305,0.0006246125727966678
2018-04-06,10331.599609375,0.0006246125727966678,0.004621743176794313
2018-04-09,10379.349609375,0.004621743176794313,0.002206341580816895
2018-04-10,10402.25,0.002206341580816895,0.0014324199692374862
2018-04-11,10417.150390625,0.0014324199692374862,0.003983815001590951
2018-04-12,10458.650390625,0.003983815001590951,0.002098666456015641
2018-04-13,10480.599609375,0.002098666456015641,0.004556037037927396
2018-04-16,10528.349609375,0.004556037037927396,0.001932932196645476
2018-04-17,10548.7001953125,0.001932932196645476,-0.002132964212026689
2018-04-18,10526.2001953125,-0.002132964212026689,0.0037145036812440413
2018-04-19,10565.2998046875,0.0037145036812440413,-0.00011831183431687542
2018-04-20,10564.0498046875,-0.00011831183431687542,0.0019547797489403163
2018-04-23,10584.7001953125,0.0019547797489403163,0.0028011576629851653
2018-04-24,10614.349609375,0.0028011576629851653,-0.00412647089076601
2018-04-25,10570.5498046875,-0.00412647089076601,0.0044699661676110836
2018-04-26,10617.7998046875,0.0044699661676110836,0.007016519558704637
2018-04-27,10692.2998046875,0.007016519558704637,0.004400344691688707
2018-04-30,10739.349609375,0.004400344691688707,-0.0019833421447520427
2018-05-02,10718.0498046875,-0.0019833421447520427,-0.003582686660562606
2018-05-03,10679.650390625,-0.003582686660562606,-0.0057492884485150775
2018-05-04,10618.25,-0.0057492884485150775,0.00915875968262192
2018-05-07,10715.5,0.00915875968262192,0.00021462411343375898
2018-05-08,10717.7998046875,0.00021462411343375898,0.0022299717349214543
2018-05-09,10741.7001953125,0.0022299717349214543,-0.0023413789407356056
2018-05-10,10716.5498046875,-0.0023413789407356056,0.00839357787271755
2018-05-11,10806.5,0.00839357787271755,9.217542682682378e-06
2018-05-14,10806.599609375,9.217542682682378e-06,-0.0004395462191344457
2018-05-15,10801.849609375,-0.0004395462191344457,-0.005624036826737067
2018-05-16,10741.099609375,-0.005624036826737067,-0.005437005165795927
2018-05-17,10682.7001953125,-0.005437005165795927,-0.008078463600931896
2018-05-18,10596.400390625,-0.008078463600931896,-0.007521440524559053
2018-05-21,10516.7001953125,-0.007521440524559053,0.0019017372016476575
2018-05-22,10536.7001953125,0.0019017372016476575,-0.010093348388598211
2018-05-23,10430.349609375,-0.010093348388598211,0.008005484296034426
2018-05-24,10513.849609375,0.008005484296034426,0.00868385840031305
2018-05-25,10605.150390625,0.00868385840031305,0.007873532851907061
2018-05-28,10688.650390625,0.007873532851907061,-0.005178444790938985
2018-05-29,10633.2998046875,-0.005178444790938985,-0.0017821556488181178
2018-05-30,10614.349609375,-0.0017821556488181178,0.011475105468772284
2018-05-31,10736.150390625,0.011475105468772284,-0.0037210912532843476
2018-06-01,10696.2001953125,-0.0037210912532843476,-0.006329368754912523
2018-06-04,10628.5,-0.006329368754912523,-0.003325926459519235
2018-06-05,10593.150390625,-0.003325926459519235,0.0086376570355291
2018-06-06,10684.650390625,0.0086376570355291,0.007833594520176401
2018-06-07,10768.349609375,0.007833594520176401,-6.493276828523076e-05
2018-06-08,10767.650390625,-6.493276828523076e-05,0.0017923877528847054
2018-06-11,10786.9501953125,0.0017923877528847054,0.005182133323169635
2018-06-12,10842.849609375,0.005182133323169635,0.0012773935299743577
2018-06-13,10856.7001953125,0.0012773935299743577,-0.0044811397339686865
2018-06-14,10808.0498046875,-0.0044811397339686865,0.000892889170515776
2018-06-15,10817.7001953125,0.000892889170515776,-0.00165012762557748
2018-06-18,10799.849609375,-0.00165012762557748,-0.008277838793689818
2018-06-19,10710.4501953125,-0.008277838793689818,0.005751355755517995
2018-06-20,10772.0498046875,0.005751355755517995,-0.0028731945983977436
2018-06-21,10741.099609375,-0.0028731945983977436,0.007517852262492797
2018-06-22,10821.849609375,0.007517852262492797,-0.005488841206131911
2018-06-25,10762.4501953125,-0.005488841206131911,0.0006225529680423669
2018-06-26,10769.150390625,0.0006225529680423669,-0.009076853461448153
2018-06-27,10671.400390625,-0.009076853461448153,-0.007712275637441368
2018-06-28,10589.099609375,-0.007712275637441368,0.011823497741172861
2018-06-29,10714.2998046875,0.011823497741172861,-0.005319993003655044
2018-07-02,10657.2998046875,-0.005319993003655044,0.003997315147197256
2018-07-03,10699.900390625,0.003997315147197256,0.006542116977213297
2018-07-04,10769.900390625,0.006542116977213297,-0.0018709913642785958
2018-07-05,10749.75,-0.0018709913642785958,0.0021303184376380013
2018-07-06,10772.650390625,0.0021303184376380013,0.007449420253147654
2018-07-09,10852.900390625,0.007449420253147654,0.008693492612951825
2018-07-10,10947.25,0.008693492612951825,9.589665783638068e-05
2018-07-11,10948.2998046875,9.589665783638068e-05,0.006841280560560881
2018-07-12,11023.2001953125,0.006841280560560881,-0.0003900686380828855
2018-07-13,11018.900390625,-0.0003900686380828855,-0.0074463674542162295
2018-07-16,10936.849609375,-0.0074463674542162295,0.006510119262449043
2018-07-17,11008.0498046875,0.006510119262449043,-0.002507220612614547
2018-07-18,10980.4501953125,-0.002507220612614547,-0.0021265599790679657
2018-07-19,10957.099609375,-0.0021265599790679657,0.00484622644956767
2018-07-20,11010.2001953125,0.00484622644956767,0.006770976309698584
2018-07-23,11084.75,0.006770976309698584,0.00447008770495505
2018-07-24,11134.2998046875,0.00447008770495505,-0.0002065513528324292
2018-07-25,11132.0,-0.0002065513528324292,0.0031710209025781477
2018-07-26,11167.2998046875,0.0031710209025781477,0.009944194803553685
2018-07-27,11278.349609375,0.009944194803553685,0.0036530340643325943
2018-07-30,11319.5498046875,0.0036530340643325943,0.0032642813495284972
2018-07-31,11356.5,0.0032642813495284972,-0.0009069523785937283
2018-08-01,11346.2001953125,-0.0009069523785937283,-0.008945726168478219
2018-08-02,11244.7001953125,-0.008945726168478219,0.010324829240302646
2018-08-03,11360.7998046875,0.010324829240302646,0.0023149606664707445
2018-08-06,11387.099609375,0.0023149606664707445,0.00020642534254866618
2018-08-07,11389.4501953125,0.00020642534254866618,0.005316306199962151
2018-08-08,11450.0,0.005316306199962151,0.001807877319869089
2018-08-09,11470.7001953125,0.001807877319869089,-0.003591776841080363
2018-08-10,11429.5,-0.003591776841080363,-0.006452600726191027
2018-08-13,11355.75,-0.006452600726191027,0.006987615029830696
2018-08-14,11435.099609375,0.006987615029830696,-0.004376857779749166
2018-08-16,11385.0498046875,-0.004376857779749166,0.0075274326228431665
2018-08-17,11470.75,0.0075274326228431665,0.007061438877143944
2018-08-20,11551.75,0.007061438877143944,0.00165779129785526
2018-08-21,11570.900390625,0.00165779129785526,0.0010240870610727093
2018-08-23,11582.75,0.0010240870610727093,-0.0022145337355118366
2018-08-24,11557.099609375,-0.0022145337355118366,0.011668203138797129
2018-08-27,11691.9501953125,0.011668203138797129,0.003981355027167455
2018-08-28,11738.5,0.003981355027167455,-0.003969809547642367
2018-08-29,11691.900390625,-0.003969809547642367,-0.0012915424723947133
2018-08-30,11676.7998046875,-0.0012915424723947133,0.00031688436681198695
2018-08-31,11680.5,0.00031688436681198695,-0.00840292715423141
2018-09-03,11582.349609375,-0.00840292715423141,-0.00535727264157837
2018-09-04,11520.2998046875,-0.00535727264157837,-0.0037628889968090995
2018-09-05,11476.9501953125,-0.0037628889968090995,0.005223530144531363
2018-09-06,11536.900390625,0.005223530144531363,0.0045245444601755835
2018-09-07,11589.099609375,0.0045245444601755835,-0.013029485041085365
2018-09-10,11438.099609375,-0.013029485041085365,-0.013166488710376734
2018-09-11,11287.5,-0.013166488710376734,0.0073001453488372725
2018-09-12,11369.900390625,0.0073001453488372725,0.012779338401883056
2018-09-14,11515.2001953125,0.012779338401883056,-0.011936413868727347
2018-09-17,11377.75,-0.011936413868727347,-0.008687975159851424
2018-09-18,11278.900390625,-0.008687975159851424,-0.003949922395540484
2018-09-19,11234.349609375,-0.003949922395540484,-0.00812241056873042
2018-09-21,11143.099609375,-0.00812241056873042,-0.015767535507102526
2018-09-24,10967.400390625,-0.015767535507102526,0.009122472156029238
2018-09-25,11067.4501953125,0.009122472156029238,-0.0012333817079910325
2018-09-26,11053.7998046875,-0.0012333817079910325,-0.006898080420062014
2018-09-27,10977.5498046875,-0.006898080420062014,-0.004290539347394984
2018-09-28,10930.4501953125,-0.004290539347394984,0.007122269255513958
2018-10-01,11008.2998046875,0.007122269255513958,-0.01363060666494631
2018-10-03,10858.25,-0.01363060666494631,-0.023852830796859514
2018-10-04,10599.25,-0.023852830796859514,-0.026681114672028716
2018-10-05,10316.4501953125,-0.026681114672028716,0.003063031253653259
2018-10-08,10348.0498046875,0.003063031253653259,-0.004541918611438267
2018-10-09,10301.0498046875,-0.004541918611438267,0.015440154906845027
2018-10-10,10460.099609375,0.015440154906845027,-0.021553257346415555
2018-10-11,10234.650390625,-0.021553257346415555,0.02323964183406524
2018-10-12,10472.5,0.02323964183406524,0.003819527333492445
2018-10-15,10512.5,0.003819527333492445,0.006872770511296089
2018-10-16,10584.75,0.006872770511296089,-0.012442447418455793
2018-10-17,10453.0498046875,-0.012442447418455793,-0.014302046081609565
2018-10-19,10303.5498046875,-0.014302046081609565,-0.0056582251546914986
2018-10-22,10245.25,-0.0056582251546914986,-0.009609350217173795
2018-10-23,10146.7998046875,-0.009609350217173795,0.007682244334463961
2018-10-24,10224.75,0.007682244334463961,-0.009765481735494741
2018-10-25,10124.900390625,-0.009765481735494741,-0.0093729702973544
2018-10-26,10030.0,-0.0093729702973544,0.022018904224825553
2018-10-29,10250.849609375,0.022018904224825553,-0.005116572845048073
2018-10-30,10198.400390625,-0.005116572845048073,0.01845379780568379
2018-10-31,10386.599609375,0.01845379780568379,-0.0005920526730374132
2018-11-01,10380.4501953125,-0.0005920526730374132,0.01662257430466929
2018-11-02,10553.0,0.01662257430466929,-0.0027480337344830685
2018-11-05,10524.0,-0.0027480337344830685,0.0005701254275940482
2018-11-06,10530.0,0.0005701254275940482,0.006495763592117676
2018-11-07,10598.400390625,0.006495763592117676,-0.0012454893970770264
2018-11-09,10585.2001953125,-0.0012454893970770264,-0.009730567027500525
2018-11-12,10482.2001953125,-0.009730567027500525,0.009568583199961456
2018-11-13,10582.5,0.009568583199961456,-0.0005858913595558901
2018-11-14,10576.2998046875,-0.0005858913595558901,0.0038198983927342223
2018-11-15,10616.7001953125,0.0038198983927342223,0.006169525256907837
2018-11-16,10682.2001953125,0.006169525256907837,0.0076014485618920435
2018-11-19,10763.400390625,0.0076014485618920435,-0.009959695953136949
2018-11-20,10656.2001953125,-0.009959695953136949,-0.00526926949530282
2018-11-21,10600.0498046875,-0.00526926949530282,-0.006915043423200262
2018-11-22,10526.75,-0.006915043423200262,0.009675313783931383
2018-11-26,10628.599609375,0.009675313783931383,0.0053628890065369195
2018-11-27,10685.599609375,0.0053628890065369195,0.004047503329813518
2018-11-28,10728.849609375,0.004047503329813518,0.012102936537020215
2018-11-29,10858.7001953125,0.012102936537020215,0.001662243580064171
2018-11-30,10876.75,0.001662243580064171,0.000643574597191332
2018-12-03,10883.75,0.000643574597191332,-0.0013092913747559942
2018-12-04,10869.5,-0.0013092913747559942,-0.007967211865771207
2018-12-05,10782.900390625,-0.007967211865771207,-0.01685539079615528
2018-12-06,10601.150390625,-0.01685539079615528,0.008730166187373989
2018-12-07,10693.7001953125,0.008730166187373989,-0.019193543511718203
2018-12-10,10488.4501953125,-0.019193543511718203,0.005787336945131116
2018-12-11,10549.150390625,0.005787336945131116,0.01786392380162427
2018-12-12,10737.599609375,0.01786392380162427,0.005024418610784842
2018-12-13,10791.5498046875,0.005024418610784842,0.001288081033454791
2018-12-14,10805.4501953125,0.001288081033454791,0.007672000015183311
2018-12-17,10888.349609375,0.007672000015183311,0.0018690239262686426
2018-12-18,10908.7001953125,0.0018690239262686426,0.005371823253533137
2018-12-19,10967.2998046875,0.005371823253533137,-0.001422374664029169
2018-12-20,10951.7001953125,-0.001422374664029169,-0.018052009440243655
2018-12-21,10754.0,-0.018052009440243655,-0.008415473312255894
2018-12-24,10663.5,-0.008415473312255894,0.006222123071693231
2018-12-26,10729.849609375,0.006222123071693231,0.004655255863871277
2018-12-27,10779.7998046875,0.004655255863871277,0.007430619064249022
2018-12-28,10859.900390625,0.007430619064249022,0.00024396301689710853
2018-12-31,10862.5498046875,0.00024396301689710853,-0.006448744166611009
2019-01-02,10792.5,-0.006448744166611009,-0.011141996757007222
2019-01-03,10672.25,-0.011141996757007222,0.0051628859308019415
2019-01-04,10727.349609375,0.0051628859308019415,0.004143632577580325
2019-01-07,10771.7998046875,0.004143632577580325,0.0028175965472634346
2019-01-08,10802.150390625,0.0028175965472634346,0.004906430486840696
2019-01-09,10855.150390625,0.004906430486840696,-0.0030907707440862575
2019-01-10,10821.599609375,-0.0030907707440862575,-0.0024626132017869784
2019-01-11,10794.9501953125,-0.0024626132017869784,-0.005312723532749919
2019-01-14,10737.599609375,-0.005312723532749919,0.013895116296032572
2019-01-15,10886.7998046875,0.013895116296032572,0.0003214902508350548
2019-01-16,10890.2998046875,0.0003214902508350548,0.001368225934293088
2019-01-17,10905.2001953125,0.001368225934293088,0.0001604738994844812
2019-01-18,10906.9501953125,0.0001604738994844812,0.0050334340103701525
2019-01-21,10961.849609375,0.0050334340103701525,-0.0035668806605010372
2019-01-22,10922.75,-0.0035668806605010372,-0.008354123274816327
2019-01-23,10831.5,-0.008354123274816327,0.001689498655541799
2019-01-24,10849.7998046875,0.001689498655541799,-0.006382606245884936
2019-01-25,10780.5498046875,-0.006382606245884936,-0.011038398055380982
2019-01-28,10661.5498046875,-0.011038398055380982,-0.0008769465552643796
2019-01-29,10652.2001953125,-0.0008769465552643796,-3.758759858607519e-05
2019-01-30,10651.7998046875,-3.758759858607519e-05,0.016818790618479573
2019-01-31,10830.9501953125,0.016818790618479573,0.005788983808607595
2019-02-01,10893.650390625,0.005788983808607595,0.0017073807867935553
2019-02-04,10912.25,0.0017073807867935553,0.0020252110586724825
2019-02-05,10934.349609375,0.0020252110586724825,0.011715428033110209
2019-02-06,11062.4501953125,0.011715428033110209,0.0006282690714798367
2019-02-07,11069.400390625,0.0006282690714798367,-0.011364733121095205
2019-02-08,10943.599609375,-0.011364733121095205,-0.005007475295473629
2019-02-11,10888.7998046875,-0.005007475295473629,-0.005271417887377283
2019-02-12,10831.400390625,-0.005271417887377283,-0.007879921603800577
2019-02-14,10746.0498046875,-0.007879921603800577,-0.002014639281967212
2019-02-15,10724.400390625,-0.002014639281967212,-0.00778133902809619
2019-02-18,10640.9501953125,-0.00778133902809619,-0.0034395975233135756
2019-02-19,10604.349609375,-0.0034395975233135756,0.012362906803977669
2019-02-20,10735.4501953125,0.012362906803977669,0.005067269008080633
2019-02-21,10789.849609375,0.005067269008080633,0.00016689586186968697
2019-02-22,10791.650390625,0.00016689586186968697,0.008196078963680797
2019-02-25,10880.099609375,0.008196078963680797,-0.004117591409631749
2019-02-26,10835.2998046875,-0.004117591409631749,-0.002644081343287419
2019-02-27,10806.650390625,-0.002644081343287419,-0.0013094150466157473
2019-02-28,10792.5,-0.0013094150466157473,0.006578642575862936
2019-03-01,10863.5,0.006578642575862936,0.011409784628572783
2019-03-05,10987.4501953125,0.011409784628572783,0.005965879573721855
2019-03-06,11053.0,0.005965879573721855,0.00047047817900125466
2019-03-07,11058.2001953125,0.00047047817900125466,-0.0020618006804727917
2019-03-08,11035.400390625,-0.0020618006804727917,0.012020353532001593
2019-03-11,11168.0498046875,0.012020353532001593,0.011922438828049886
2019-03-12,11301.2001953125,0.011922438828049886,0.0035836901656514097
2019-03-13,11341.7001953125,0.0035836901656514097,0.00013664659273393553
2019-03-14,11343.25,0.00013664659273393553,0.007369987382364052
2019-03-15,11426.849609375,0.007369987382364052,0.0030936423551506387
2019-03-18,11462.2001953125,0.0030936423551506387,0.006124495656707252
2019-03-19,11532.400390625,0.006124495656707252,-0.0009842344657688962
2019-03-20,11521.0498046875,-0.0009842344657688962,-0.005568018119008533
2019-03-22,11456.900390625,-0.005568018119008533,-0.008959700017030503
2019-03-25,11354.25,-0.008959700017030503,0.011361384503600025
2019-03-26,11483.25,0.011361384503600025,-0.0033266013813597617
2019-03-27,11445.0498046875,-0.0033266013813597617,0.010917400749215211
2019-03-28,11570.0,0.010917400749215211,0.008569610252809001
2019-04-01,11669.150390625,0.008569610252809001,0.0037748939051200914
2019-04-02,11713.2001953125,0.0037748939051200914,-0.005912133221091298
2019-04-03,11643.9501953125,-0.005912133221091298,-0.003946272059030087
2019-04-04,11598.0,-0.003946272059030087,0.005858785593421345
2019-04-05,11665.9501953125,0.005858785593421345,-0.005267483083991831
2019-04-08,11604.5,-0.005267483083991831,0.005812417192683883
2019-04-09,11671.9501953125,0.005812417192683883,-0.007509489773200095
2019-04-10,11584.2998046875,-0.007509489773200095,0.0010704480058416621
2019-04-11,11596.7001953125,0.0010704480058416621,0.0040313191867198395
2019-04-12,11643.4501953125,0.0040313191867198395,0.0040279653604204935
2019-04-15,11690.349609375,0.0040279653604204935,0.008280400884877803
2019-04-16,11787.150390625,0.008280400884877803,-0.0029142400664389223
2019-04-18,11752.7998046875,-0.0029142400664389223,-0.013473352052831178
2019-04-22,11594.4501953125,-0.013473352052831178,-0.0015955909670886115
2019-04-23,11575.9501953125,-0.0015955909670886115,0.012975193636658888
2019-04-24,11726.150390625,0.012975193636658888,-0.007193374050953438
2019-04-25,11641.7998046875,-0.007193374050953438,0.009693568677590747
2019-04-26,11754.650390625,0.009693568677590747,-0.0005529726349993158
2019-04-30,11748.150390625,-0.0005529726349993158,-0.001991836148409698
2019-05-02,11724.75,-0.001991836148409698,-0.0010661208128105448
2019-05-03,11712.25,-0.0010661208128105448,-0.00973339879186319
2019-05-06,11598.25,-0.00973339879186319,-0.008652133673183404
2019-05-07,11497.900390625,-0.008652133673183404,-0.012041345863927244
2019-05-08,11359.4501953125,-0.012041345863927244,-0.005075103956069027
2019-05-09,11301.7998046875,-0.005075103956069027,-0.0020261741013145596
2019-05-10,11278.900390625,-0.0020261741013145596,-0.011588026384304118
2019-05-13,11148.2001953125,-0.011588026384304118,0.006624352638199937
2019-05-14,11222.0498046875,0.006624352638199937,-0.005796606308085428
2019-05-15,11157.0,-0.005796606308085428,0.008971910851931497
2019-05-16,11257.099609375,0.008971910851931497,0.013329435330307948
2019-05-17,11407.150390625,0.013329435330307948,0.036915407876193296
2019-05-20,11828.25,0.036915407876193296,-0.010073374389702572
2019-05-21,11709.099609375,-0.010073374389702572,0.0024596922232125173
2019-05-22,11737.900390625,0.0024596922232125173,-0.006887993870017373
2019-05-23,11657.0498046875,-0.006887993870017373,0.016046067214389392
2019-05-24,11844.099609375,0.016046067214389392,0.006809330661248669
2019-05-27,11924.75,0.006809330661248669,0.0003354368016101894
2019-05-28,11928.75,0.0003354368016101894,-0.005671205333752538
2019-05-29,11861.099609375,-0.005671205333752538,0.007149487319284775
2019-05-30,11945.900390625,0.007149487319284775,-0.0019337668306382838
2019-05-31,11922.7998046875,-0.0019337668306382838,0.013901936014629301
2019-06-03,12088.5498046875,0.013901936014629301,-0.005534114111566901
2019-06-04,12021.650390625,-0.005534114111566901,-0.014798333410505293
2019-06-06,11843.75,-0.014798333410505293,0.0022712730870713127
2019-06-07,11870.650390625,0.0022712730870713127,0.004384747505377318
2019-06-10,11922.7001953125,0.004384747505377318,0.0035981290613484873
2019-06-11,11965.599609375,0.0035981290613484873,-0.004964181988503125
2019-06-12,11906.2001953125,-0.004964181988503125,0.0006592875347493088
2019-06-13,11914.0498046875,0.0006592875347493088,-0.007617057296864349
2019-06-14,11823.2998046875,-0.007617057296864349,-0.012784029548381648
2019-06-17,11672.150390625,-0.012784029548381648,0.0016577587443133979
2019-06-18,11691.5,0.0016577587443133979,-4.259905700743083e-06
2019-06-19,11691.4501953125,-4.259905700743083e-06,0.012000205478679637
2019-06-20,11831.75,0.012000205478679637,-0.009098433505187353
2019-06-21,11724.099609375,-0.009098433505187353,-0.002085381356743965
2019-06-24,11699.650390625,-0.002085381356743965,0.008273734808782462
2019-06-25,11796.4501953125,0.008273734808782462,0.004331778503613437
2019-06-26,11847.5498046875,0.004331778503613437,-0.0005064338279993086
2019-06-27,11841.5498046875,-0.0005064338279993086,-0.004450447465215945
2019-06-28,11788.849609375,-0.004450447465215945,0.006510389269786421
2019-07-01,11865.599609375,0.006510389269786421,0.003767209141051886
2019-07-02,11910.2998046875,0.003767209141051886,0.0005415644793391738
2019-07-03,11916.75,0.0005415644793391738,0.0025174649128327786
2019-07-04,11946.75,0.0025174649128327786,-0.011350334557515662
2019-07-05,11811.150390625,-0.011350334557515662,-0.02138240331360608
2019-07-08,11558.599609375,-0.02138240331360608,-0.00023352472109261502
2019-07-09,11555.900390625,-0.00023352472109261502,-0.004932545113165099
2019-07-10,11498.900390625,-0.004932545113165099,0.007305046321514741
2019-07-11,11582.900390625,0.007305046321514741,-0.0026245922523520093
2019-07-12,11552.5,-0.0026245922523520093,0.0031031905972733753
2019-07-15,11588.349609375,0.0031031905972733753,0.006407297199588324
2019-07-16,11662.599609375,0.006407297199588324,0.0021350634900458854
2019-07-17,11687.5,0.0021350634900458854,-0.007751838235294128
2019-07-18,11596.900390625,-0.007751838235294128,-0.01531878214359883
2019-07-19,11419.25,-0.01531878214359883,-0.006397075524881224
2019-07-22,11346.2001953125,-0.006397075524881224,-0.0013352832106081625
2019-07-23,11331.0498046875,-0.0013352832106081625,-0.005273121293252303
2019-07-24,11271.2998046875,-0.005273121293252303,-0.0016989534831232112
2019-07-25,11252.150390625,-0.0016989534831232112,0.0028571795564771296
2019-07-26,11284.2998046875,0.0028571795564771296,-0.008427603929443195
2019-07-29,11189.2001953125,-0.008427603929443195,-0.009276785013729971
2019-07-30,11085.400390625,-0.009276785013729971,0.00294076968140633
2019-07-31,11118.0,0.00294076968140633,-0.012412304371289817
2019-08-01,10980.0,-0.012412304371289817,0.0015801101434427256
2019-08-02,10997.349609375,0.0015801101434427256,-0.012252952282714391
2019-08-05,10862.599609375,-0.012252952282714391,0.007884888857643269
2019-08-06,10948.25,0.007884888857643269,-0.00847167355513434
2019-08-07,10855.5,-0.00847167355513434,0.016300510829763803
2019-08-08,11032.4501953125,0.016300510829763803,0.006997556657477588
2019-08-09,11109.650390625,0.006997556657477588,-0.01654424529912324
2019-08-13,10925.849609375,-0.01654424529912324,0.009477595331455646
2019-08-14,11029.400390625,0.009477595331455646,0.0016682152620135504
2019-08-16,11047.7998046875,0.0016682152620135504,0.0005521991749806165
2019-08-19,11053.900390625,0.0005521991749806165,-0.0033382235519596737
2019-08-20,11017.0,-0.0033382235519596737,-0.008922556475220111
2019-08-21,10918.7001953125,-0.008922556475220111,-0.016242829527789215
2019-08-22,10741.349609375,-0.016242829527789215,0.008192639025843995
2019-08-23,10829.349609375,0.008192639025843995,0.021100066785376237
2019-08-26,11057.849609375,0.021100066785376237,0.004295591066795668
2019-08-27,11105.349609375,0.004295591066795668,-0.005335266523260329
2019-08-28,11046.099609375,-0.005335266523260329,-0.0088537862364102
2019-08-29,10948.2998046875,-0.0088537862364102,0.006845829640179435
2019-08-30,11023.25,0.006845829640179435,-0.02044311880570615
2019-09-03,10797.900390625,-0.02044311880570615,0.004329545403159107
2019-09-04,10844.650390625,0.004329545403159107,0.000299686931614751
2019-09-05,10847.900390625,0.000299686931614751,0.009061643373168504
2019-09-06,10946.2001953125,0.009061643373168504,0.005193547382711383
2019-09-09,11003.0498046875,0.005193547382711383,0.0029673946046386845
2019-09-11,11035.7001953125,0.0029673946046386845,-0.00479356902496042
2019-09-12,10982.7998046875,-0.00479356902496042,0.008476944640087414
2019-09-13,11075.900390625,0.008476944640087414,-0.006536749886833726
2019-09-16,11003.5,-0.006536749886833726,-0.01689465993774708
2019-09-17,10817.599609375,-0.01689465993774708,0.002130859163064436
2019-09-18,10840.650390625,0.002130859163064436,-0.012531589991591652
2019-09-19,10704.7998046875,-0.012531589991591652,0.05319112930777714
2019-09-20,11274.2001953125,0.05319112930777714,0.028915576657539077
2019-09-23,11600.2001953125,0.028915576657539077,-0.0010344649056013289
2019-09-24,11588.2001953125,-0.0010344649056013289,-0.012771612287114875
2019-09-25,11440.2001953125,-0.012771612287114875,0.01145084856589107
2019-09-26,11571.2001953125,0.01145084856589107,-0.005081564893442914
2019-09-27,11512.400390625,-0.005081564893442914,-0.003296462425282254
2019-09-30,11474.4501953125,-0.003296462425282254,-0.009983032105041145
2019-10-01,11359.900390625,-0.009983032105041145,-0.004040562773145462
2019-10-03,11314.0,-0.004040562773145462,-0.012307760296977222
2019-10-04,11174.75,-0.012307760296977222,-0.0043266837625002275
2019-10-07,11126.400390625,-0.0043266837625002275,0.01679783285706482
2019-10-09,11313.2998046875,0.01679783285706482,-0.006960833829169011
2019-10-10,11234.5498046875,-0.006960833829169011,0.006275284833450412
2019-10-11,11305.0498046875,0.006275284833450412,0.003193315072573366
2019-10-14,11341.150390625,0.003193315072573366,0.007684353972992053
2019-10-15,11428.2998046875,0.007684353972992053,0.003123841334461419
2019-10-16,11464.0,0.003123841334461419,0.010672506051552677
2019-10-17,11586.349609375,0.010672506051552677,0.006516288783389612
2019-10-18,11661.849609375,0.006516288783389612,-0.006302602285396697
2019-10-22,11588.349609375,-0.006302602285396697,0.001359123648397631
2019-10-23,11604.099609375,0.001359123648397631,-0.0018527934715960592
2019-10-24,11582.599609375,-0.0018527934715960592,0.00011230477560042473
2019-10-25,11583.900390625,0.00011230477560042473,0.017519938181983052
2019-10-29,11786.849609375,0.017519938181983052,0.004857107869982835
2019-10-30,11844.099609375,0.004857107869982835,0.0028157974888274317
2019-10-31,11877.4501953125,0.0028157974888274317,0.0011070906504571099
2019-11-01,11890.599609375,0.0011070906504571099,0.004263888868356602
2019-11-04,11941.2998046875,0.004263888868356602,-0.002018173043904281
2019-11-05,11917.2001953125,-0.002018173043904281,0.004099084396871566
2019-11-06,11966.0498046875,0.004099084396871566,0.003844209304726398
2019-11-07,12012.0498046875,0.003844209304726398,-0.008649599006986697
2019-11-08,11908.150390625,-0.008649599006986697,0.0004450569159482054
2019-11-11,11913.4501953125,0.0004450569159482054,-0.006127528029514329
2019-11-13,11840.4501953125,-0.006127528029514329,0.002672990768123773
2019-11-14,11872.099609375,0.002672990768123773,0.001966845520657623
2019-11-15,11895.4501953125,0.001966845520657623,-0.0009205364347466549
2019-11-18,11884.5,-0.0009205364347466549,0.004678329704657314
2019-11-19,11940.099609375,0.004678329704657314,0.004941332311304558
2019-11-20,11999.099609375,0.004941332311304558,-0.002558460196964596
2019-11-21,11968.400390625,-0.002558460196964596,-0.004511881140131235
2019-11-22,11914.400390625,-0.004511881140131235,0.013374538722098483
2019-11-25,12073.75,0.013374538722098483,-0.0029858001604721185
2019-11-26,12037.7001953125,-0.0029858001604721185,0.005233557820665036
2019-11-27,12100.7001953125,0.005233557820665036,0.004169196368656758
2019-11-28,12151.150390625,0.004169196368656758,-0.007826467690735917
2019-11-29,12056.0498046875,-0.007826467690735917,-0.0006510929783939412
2019-12-02,12048.2001953125,-0.0006510929783939412,-0.004481997238144242
2019-12-03,11994.2001953125,-0.004481997238144242,0.004085307832292884
2019-12-04,12043.2001953125,0.004085307832292884,-0.00205923710353606
2019-12-05,12018.400390625,-0.00205923710353606,-0.008062669529681155
2019-12-06,11921.5,-0.008062669529681155,0.001342112989137334
2019-12-09,11937.5,0.001342112989137334,-0.006760225785340301
2019-12-10,11856.7998046875,-0.006760225785340301,0.0044995771891509495
2019-12-11,11910.150390625,0.0044995771891509495,0.005176207859728388
2019-12-12,11971.7998046875,0.005176207859728388,0.009597587037832866
2019-12-13,12086.7001953125,0.009597587037832866,-0.0027095898360001147
2019-12-16,12053.9501953125,-0.0027095898360001147,0.009212731336046609
2019-12-17,12165.0,0.009212731336046609,0.004656834412248179
2019-12-18,12221.650390625,0.004656834412248179,0.003113311498149862
2019-12-19,12259.7001953125,0.003113311498149862,0.000986941701855537
2019-12-20,12271.7998046875,0.000986941701855537,-0.0007374472230261553
2019-12-23,12262.75,-0.0007374472230261553,-0.003930618769240168
2019-12-24,12214.5498046875,-0.003930618769240168,-0.007204522590446127
2019-12-26,12126.5498046875,-0.007204522590446127,0.009833794601157297
2019-12-27,12245.7998046875,0.009833794601157297,0.0008206736062803532
2019-12-30,12255.849609375,0.0008206736062803532,-0.007131240742024536
2019-12-31,12168.4501953125,-0.007131240742024536,0.001154609211690083
2020-01-01,12182.5,0.001154609211690083,0.008183886337984836
2020-01-02,12282.2001953125,0.008183886337984836,-0.004522789386603554
2020-01-03,12226.650390625,-0.004522789386603554,-0.019105853072941215
2020-01-06,11993.0498046875,-0.019105853072941215,0.004994592001242859
2020-01-07,12052.9501953125,0.004994592001242859,-0.0022899444111396106
2020-01-08,12025.349609375,-0.0022899444111396106,0.015845758122611686
2020-01-09,12215.900390625,0.015845758122611686,0.0033480474426501594
2020-01-10,12256.7998046875,0.0033480474426501594,0.0059354808073293075
2020-01-13,12329.5498046875,0.0059354808073293075,0.0026562202609821117
2020-01-14,12362.2998046875,0.0026562202609821117,-0.0015369308543056182
2020-01-15,12343.2998046875,-0.0015369308543056182,0.000988406301843714
2020-01-16,12355.5,0.000988406301843714,-0.000254978804985595
2020-01-17,12352.349609375,-0.000254978804985595,-0.010346193941151438
2020-01-20,12224.5498046875,-0.010346193941151438,-0.004474618385662321
2020-01-21,12169.849609375,-0.004474618385662321,-0.005172555189302153
2020-01-22,12106.900390625,-0.005172555189302153,0.0060667236352978104
2020-01-23,12180.349609375,0.0060667236352978104,0.005574584704263197
2020-01-24,12248.25,0.005574584704263197,-0.010552527912150667
2020-01-27,12119.0,-0.010552527912150667,-0.005214967844912932
2020-01-28,12055.7998046875,-0.005214967844912932,0.006113256399948197
2020-01-29,12129.5,0.006113256399948197,-0.0077249841553650445
2020-01-30,12035.7998046875,-0.0077249841553650445,-0.006123414854723341
2020-01-31,11962.099609375,-0.006123414854723341,-0.021250384719316173
2020-02-03,11707.900390625,-0.021250384719316173,0.02321082268667074
2020-02-04,11979.650390625,0.02321082268667074,0.009140500467834434
2020-02-05,12089.150390625,0.009140500467834434,0.004036661230167438
2020-02-06,12137.9501953125,0.004036661230167438,-0.0032625431230384194
2020-02-07,12098.349609375,-0.0032625431230384194,-0.005525514763038308
2020-02-10,12031.5,-0.005525514763038308,0.006350030388978967
2020-02-11,12107.900390625,0.006350030388978967,0.0077056964194832656
2020-02-12,12201.2001953125,0.0077056964194832656,-0.0021759994314084485
2020-02-13,12174.650390625,-0.0021759994314084485,-0.005026854435148831
2020-02-14,12113.4501953125,-0.005026854435148831,-0.00558473346026378
2020-02-17,12045.7998046875,-0.00558473346026378,-0.004424762618648104
2020-02-18,11992.5,-0.004424762618648104,0.011123651500938081
2020-02-19,12125.900390625,0.011123651500938081,-0.003715252459506435
2020-02-20,12080.849609375,-0.003715252459506435,-0.02081386879900149
2020-02-24,11829.400390625,-0.02081386879900149,-0.002662856861702312
2020-02-25,11797.900390625,-0.002662856861702312,-0.010120477938589723
2020-02-26,11678.5,-0.010120477938589723,-0.003870376787472707
2020-02-27,11633.2998046875,-0.003870376787472707,-0.03709607866493836
2020-02-28,11201.75,-0.03709607866493836,-0.006159751824491688
2020-03-02,11132.75,-0.006159751824491688,0.015319647408546855
2020-03-03,11303.2998046875,0.015319647408546855,-0.004626950146523701
2020-03-04,11251.0,-0.004626950146523701,0.0015998577904186018
2020-03-05,11269.0,0.0015998577904186018,-0.024806975302821943
2020-03-06,10989.4501953125,-0.024806975302821943,-0.048956043335951605
2020-03-09,10451.4501953125,-0.048956043335951605,0.0006649981756232659
2020-03-11,10458.400390625,0.0006649981756232659,-0.08301938801064712
2020-03-12,9590.150390625,-0.08301938801064712,0.03806507612689369
2020-03-13,9955.2001953125,0.03806507612689369,-0.07612100106679087
2020-03-16,9197.400390625,-0.07612100106679087,-0.02504518409052825
2020-03-17,8967.0498046875,-0.02504518409052825,-0.05556454027271507
2020-03-18,8468.7998046875,-0.05556454027271507,-0.024247781753128472
2020-03-19,8263.4501953125,-0.024247781753128472,0.058329146858465686
2020-03-20,8745.4501953125,0.058329146858465686,-0.12980466070471242
2020-03-23,7610.25,-0.12980466070471242,0.02507142402516349
2020-03-24,7801.0498046875,0.02507142402516349,0.06624746894667499
2020-03-25,8317.849609375,0.06624746894667499,0.038904356430389475
2020-03-26,8641.4501953125,0.038904356430389475,0.0021755381634551707
2020-03-27,8660.25,0.0021755381634551707,-0.04378053643081892
2020-03-30,8281.099609375,-0.04378053643081892,0.03823772271336057
2020-03-31,8597.75,0.03823772271336057,-0.04000467509668226
2020-04-01,8253.7998046875,-0.04000467509668226,-0.020596574186770744
2020-04-03,8083.7998046875,-0.020596574186770744,0.08763210467115035
2020-04-07,8792.2001953125,0.08763210467115035,-0.004941902407507137
2020-04-08,8748.75,-0.004941902407507137,0.04150883161880259
2020-04-09,9111.900390625,0.04150883161880259,-0.01295567073707915
2020-04-13,8993.849609375,-0.01295567073707915,-0.007621853562688519
2020-04-15,8925.2998046875,-0.007621853562688519,0.007562771164790316
2020-04-16,8992.7998046875,0.007562771164790316,0.03046328187687486
2020-04-17,9266.75,0.03046328187687486,-0.0005288143766692954
2020-04-20,9261.849609375,-0.0005288143766692954,-0.030274667144095657
2020-04-21,8981.4501953125,-0.030274667144095657,0.02291941778872575
2020-04-22,9187.2998046875,0.02291941778872575,0.01377995587701486
2020-04-23,9313.900390625,0.01377995587701486,-0.017124941572334906
2020-04-24,9154.400390625,-0.017124941572334906,0.013971358975458648
2020-04-27,9282.2998046875,0.013971358975458648,0.010622430648890235
2020-04-28,9380.900390625,0.010622430648890235,0.018383013524196468
2020-04-29,9553.349609375,0.018383013524196468,0.03208830345213909
2020-04-30,9859.900390625,0.03208830345213909,-0.05744483901313502
2020-05-04,9293.5,-0.05744483901313502,-0.009458265521601117
2020-05-05,9205.599609375,-0.009458265521601117,0.007093593467121684
2020-05-06,9270.900390625,0.007093593467121684,-0.007750119504051356
2020-05-07,9199.0498046875,-0.007750119504051356,0.0057016970693835045
2020-05-08,9251.5,0.0057016970693835045,-0.0013294930214019507
2020-05-11,9239.2001953125,-0.0013294930214019507,-0.004616242718351149
2020-05-12,9196.5498046875,-0.004616242718351149,0.02033371253039773
2020-05-13,9383.5498046875,0.02033371253039773,-0.025661909373274727
2020-05-14,9142.75,-0.025661909373274727,-0.0006453627874545287
2020-05-15,9136.849609375,-0.0006453627874545287,-0.034322509703259896
2020-05-18,8823.25,-0.034322509703259896,0.00632982284022332
2020-05-19,8879.099609375,0.00632982284022332,0.021111396826158035
2020-05-20,9066.5498046875,0.021111396826158035,0.004378754451001221
2020-05-21,9106.25,0.004378754451001221,-0.0073575840768702605
2020-05-22,9039.25,-0.0073575840768702605,-0.0011284338094974533
2020-05-26,9029.0498046875,-0.0011284338094974533,0.03166450477176164
2020-05-27,9314.9501953125,0.03166450477176164,0.018803043536468778
2020-05-28,9490.099609375,0.018803043536468778,0.009504662651105722
2020-05-29,9580.2998046875,0.009504662651105722,0.025662097319460564
2020-06-01,9826.150390625,0.025662097319460564,0.015565527970742954
2020-06-02,9979.099609375,0.015565527970742954,0.008262288035990828
2020-06-03,10061.5498046875,0.008262288035990828,-0.003225168681009971
2020-06-04,10029.099609375,-0.003225168681009971,0.011272276241460544
2020-06-05,10142.150390625,0.011272276241460544,0.002494520758722585
2020-06-08,10167.4501953125,0.002494520758722585,-0.011881032349997822
2020-06-09,10046.650390625,-0.011881032349997822,0.006917728526201428
2020-06-10,10116.150390625,0.006917728526201428,-0.021169158460066062
2020-06-11,9902.0,-0.021169158460066062,0.00716020911179549
2020-06-12,9972.900390625,0.00716020911179549,-0.015963279394844432
2020-06-15,9813.7001953125,-0.015963279394844432,0.010220386061458031
2020-06-16,9914.0,0.010220386061458031,-0.0033134566648174157
2020-06-17,9881.150390625,-0.0033134566648174157,0.021303187551898528
2020-06-18,10091.650390625,0.021303187551898528,0.015136275444292302
2020-06-19,10244.400390625,0.015136275444292302,0.006520616350433883
2020-06-22,10311.2001953125,0.006520616350433883,0.015497691991291696
2020-06-23,10471.0,0.015497691991291696,-0.015824677233549855
2020-06-24,10305.2998046875,-0.015824677233549855,-0.001591357298992957
2020-06-25,10288.900390625,-0.001591357298992957,0.00914574014738645
2020-06-26,10383.0,0.00914574014738645,-0.006799538608783573
2020-06-29,10312.400390625,-0.006799538608783573,-0.0009988732845714887
2020-06-30,10302.099609375,-0.0009988732845714887,0.012419817334717198
2020-07-01,10430.0498046875,0.012419817334717198,0.011663452514898642
2020-07-02,10551.7001953125,0.011663452514898642,0.005273976044848361
2020-07-03,10607.349609375,0.005273976044848361,0.014735139974255018
2020-07-06,10763.650390625,0.014735139974255018,0.003344590235981215
2020-07-07,10799.650390625,0.003344590235981215,-0.00869476207364206
2020-07-08,10705.75,-0.00869476207364206,0.010060032721901813
2020-07-09,10813.4501953125,0.010060032721901813,-0.004198511095439339
2020-07-10,10768.0498046875,-0.004198511095439339,0.003217889149241815
2020-07-13,10802.7001953125,0.003217889149241815,-0.01808349601540049
2020-07-14,10607.349609375,-0.01808349601540049,0.0010229309240368245
2020-07-15,10618.2001953125,0.0010229309240368245,0.011466161662100571
2020-07-16,10739.9501953125,0.011466161662100571,0.01506059125586967
2020-07-17,10901.7001953125,0.01506059125586967,0.011053321760931656
2020-07-20,11022.2001953125,0.011053321760931656,0.012706156865764484
2020-07-21,11162.25,0.012706156865764484,-0.0026563094918139463
2020-07-22,11132.599609375,-0.0026563094918139463,0.007442159858846331
2020-07-23,11215.4501953125,0.007442159858846331,-0.0018991484351116306
2020-07-24,11194.150390625,-0.0018991484351116306,-0.005569925698846956
2020-07-27,11131.7998046875,-0.005569925698846956,0.0151592736988444
2020-07-28,11300.5498046875,0.0151592736988444,-0.008645614328603224
2020-07-29,11202.849609375,-0.008645614328603224,-0.008988714680747911
2020-07-30,11102.150390625,-0.008988714680747911,-0.002585102372305803
2020-07-31,11073.4501953125,-0.002585102372305803,-0.016422215545293994
2020-08-03,10891.599609375,-0.016422215545293994,0.018697932161379383
2020-08-04,11095.25,0.018697932161379383,0.0005768586219327965
2020-08-05,11101.650390625,0.0005768586219327965,0.008872554668374333
2020-08-06,11200.150390625,0.008872554668374333,0.0012410024488720417
2020-08-07,11214.0498046875,0.0012410024488720417,0.005002705259437024
2020-08-10,11270.150390625,0.005002705259437024,0.004644978776729314
2020-08-11,11322.5,0.004644978776729314,-0.0012452735151247118
2020-08-12,11308.400390625,-0.0012452735151247118,-0.0007030344733010008
2020-08-13,11300.4501953125,-0.0007030344733010008,-0.010800437378868932
2020-08-14,11178.400390625,-0.010800437378868932,0.0061457110453491115
2020-08-17,11247.099609375,0.0061457110453491115,0.012292057935075373
2020-08-18,11385.349609375,0.012292057935075373,0.002024600213507588
2020-08-19,11408.400390625,0.002024600213507588,-0.008432399987605033
2020-08-20,11312.2001953125,-0.008432399987605033,0.005250916093857194
2020-08-21,11371.599609375,0.005250916093857194,0.008341006471886514
2020-08-24,11466.4501953125,0.008341006471886514,0.0005058064691958464
2020-08-25,11472.25,0.0005058064691958464,0.0067423225064831005
2020-08-26,11549.599609375,0.0067423225064831005,0.0008355606212675504
2020-08-27,11559.25,0.0008355606212675504,0.007643195654994939
2020-08-28,11647.599609375,0.007643195654994939,-0.022330747801946216
2020-08-31,11387.5,-0.022330747801946216,0.007266739846322645
2020-09-01,11470.25,0.007266739846322645,0.005645038251127943
2020-09-02,11535.0,0.005645038251127943,-0.0006545127600779965
2020-09-03,11527.4501953125,-0.0006545127600779965,-0.016794744948559814
2020-09-04,11333.849609375,-0.016794744948559814,0.0018705202595032944
2020-09-07,11355.0498046875,0.0018705202595032944,-0.0033201259317187093
2020-09-08,11317.349609375,-0.0033201259317187093,-0.003476927967516641
2020-09-09,11278.0,-0.003476927967516641,0.015184429863450921
2020-09-10,11449.25,0.015184429863450921,0.0013276149365679668
2020-09-11,11464.4501953125,0.0013276149365679668,-0.0021283524468515003
2020-09-14,11440.0498046875,-0.0021283524468515003,0.007145947910690342
2020-09-15,11521.7998046875,0.007145947910690342,0.0071820376506051
2020-09-16,11604.5498046875,0.0071820376506051,-0.007622027291120936
2020-09-17,11516.099609375,-0.007622027291120936,-0.0009681588767627147
2020-09-18,11504.9501953125,-0.0009681588767627147,-0.02211225483867385
2020-09-21,11250.5498046875,-0.02211225483867385,-0.00861286032635733
2020-09-22,11153.650390625,-0.00861286032635733,-0.0019545871070447696
2020-09-23,11131.849609375,-0.0019545871070447696,-0.029312272096516434
2020-09-24,10805.5498046875,-0.029312272096516434,0.022645788482354545
2020-09-25,11050.25,0.022645788482354545,0.016044868187371275
2020-09-28,11227.5498046875,0.016044868187371275,-0.0004586409458945395
2020-09-29,11222.400390625,-0.0004586409458945395,0.002241001317642377
2020-09-30,11247.5498046875,0.002241001317642377,0.015061092732783665
2020-10-01,11416.9501953125,0.015061092732783665,0.0075676439490797165
2020-10-05,11503.349609375,0.0075676439490797165,0.013826475474619793
2020-10-06,11662.400390625,0.013826475474619793,0.006555187284725372
2020-10-07,11738.849609375,0.006555187284725372,0.008156676606839941
2020-10-08,11834.599609375,0.008156676606839941,0.0067260903253916204
2020-10-09,11914.2001953125,0.0067260903253916204,0.0014058853909966196
2020-10-12,11930.9501953125,0.0014058853909966196,0.0002975290843887368
2020-10-13,11934.5,0.0002975290843887368,0.0030625333853533387
2020-10-14,11971.0498046875,0.0030625333853533387,-0.02428360085835335
2020-10-15,11680.349609375,-0.02428360085835335,0.007028949362235082
2020-10-16,11762.4501953125,0.007028949362235082,0.009402769621849272
2020-10-19,11873.0498046875,0.009402769621849272,0.002000328507897331
2020-10-20,11896.7998046875,0.002000328507897331,0.0034337457642519276
2020-10-21,11937.650390625,0.0034337457642519276,-0.0034512817819539743
2020-10-22,11896.4501953125,-0.0034512817819539743,0.0028495402835257977
2020-10-23,11930.349609375,0.0028495402835257977,-0.013629073304543216
2020-10-26,11767.75,-0.013629073304543216,0.010337608346965288
2020-10-27,11889.400390625,0.010337608346965288,-0.013440608945763599
2020-10-28,11729.599609375,-0.013440608945763599,-0.005012942184360991
2020-10-29,11670.7998046875,-0.005012942184360991,-0.002433373422367602
2020-10-30,11642.400390625,-0.002433373422367602,0.002297636149117599
2020-11-02,11669.150390625,0.002297636149117599,0.01237019016319918
2020-11-03,11813.5,0.01237019016319918,0.008041647267956087
2020-11-04,11908.5,0.008041647267956087,0.017785598915690537
2020-11-05,12120.2998046875,0.017785598915690537,0.011819014571289532
2020-11-06,12263.5498046875,0.011819014571289532,0.016104635537461442
2020-11-09,12461.0498046875,0.016104635537461442,0.01364650710436388
2020-11-10,12631.099609375,0.01364650710436388,0.009346041508720315
2020-11-11,12749.150390625,0.009346041508720315,-0.004576821525331454
2020-11-12,12690.7998046875,-0.004576821525331454,0.002296970330761372
2020-11-13,12719.9501953125,0.002296970330761372,0.012126619808373373
2020-11-17,12874.2001953125,0.012126619808373373,0.004975051165572175
2020-11-18,12938.25,0.004975051165572175,-0.01287266861341374
2020-11-19,12771.7001953125,-0.01287266861341374,0.00683930941371913
2020-11-20,12859.0498046875,0.00683930941371913,0.005241475198302092
2020-11-23,12926.4501953125,0.005241475198302092,0.0099563448098976
2020-11-24,13055.150390625,0.0099563448098976,-0.015070680468092346
2020-11-25,12858.400390625,-0.015070680468092346,0.010001213639976747
2020-11-26,12987.0,0.010001213639976747,-0.001389836350773832
2020-11-27,12968.9501953125,-0.001389836350773832,0.010802694687318537
2020-12-01,13109.0498046875,0.010802694687318537,0.0003585458429504751
2020-12-02,13113.75,0.0003585458429504751,0.0015365849299400214
2020-12-03,13133.900390625,0.0015365849299400214,0.009490662358873525
2020-12-04,13258.5498046875,0.009490662358873525,0.007331133249439903
2020-12-07,13355.75,0.007331133249439903,0.002785331809333158
2020-12-08,13392.9501953125,0.002785331809333158,0.010165752285866914
2020-12-09,13529.099609375,0.010165752285866914,-0.0037548548058806697
2020-12-10,13478.2998046875,-0.0037548548058806697,0.002637558535026452
2020-12-11,13513.849609375,0.002637558535026452,0.0032781762806703973
2020-12-14,13558.150390625,0.0032781762806703973,0.0007153791977927426
2020-12-15,13567.849609375,0.0007153791977927426,0.008464907059269056
2020-12-16,13682.7001953125,0.008464907059269056,0.004238929390550483
2020-12-17,13740.7001953125,0.004238929390550483,0.0014445849987885229
2020-12-18,13760.5498046875,0.0014445849987885229,-0.0314049525779333
2020-12-21,13328.400390625,-0.0314049525779333,0.010346283876607965
2020-12-22,13466.2998046875,0.010346283876607965,0.010010159185716239
2020-12-23,13601.099609375,0.010010159185716239,0.01089253037474136
2020-12-24,13749.25,0.01089253037474136,0.009015051389166695
2020-12-28,13873.2001953125,0.009015051389166695,0.004281594241144937
2020-12-29,13932.599609375,0.004281594241144937,0.003542094606974411
2020-12-30,13981.9501953125,0.003542094606974411,-1.4318125132972703e-05
2020-12-31,13981.75,-1.4318125132972703e-05,0.0026284263414808606
2021-01-01,14018.5,0.0026284263414808606,0.00816067272711063
2021-01-04,14132.900390625,0.00816067272711063,
